,Ticker,Date,Time,Headline,compound,pos,neu,neg,sentiment
0,AAPL,2021-04-21,12:43PM,"Dow Rallies 200 Points As Netflix Plunges On Earnings; Apple, Tesla Reverse Higher",0.0,0.0,1.0,0.0,0
1,AAPL,2021-04-21,12:34PM,Apple (AAPL) Reports Next Week: Wall Street Expects Earnings Growth,0.3818,0.224,0.776,0.0,1
2,AAPL,2021-04-21,12:31PM,No cameras allowed during Epic Games antitrust trial against Apple,-0.296,0.0,0.804,0.196,-1
3,AAPL,2021-04-21,11:49AM,4 Dow Jones Stocks To Buy And Watch In April 2021: Apple Reverses,0.0,0.0,1.0,0.0,0
4,AAPL,2021-04-21,11:43AM,Its going to be challenging for other vendors to compete with Apples M1 chip: TECHnalysis Research,0.1531,0.096,0.904,0.0,1
5,AAPL,2021-04-21,11:24AM,Apple Introduces Slate of Updated and New Products,0.0,0.0,1.0,0.0,0
6,AAPL,2021-04-21,11:14AM,Apple supplier Quanta says no business impact from ransomware attack,-0.6486,0.0,0.602,0.398,-1
7,AAPL,2021-04-21,11:06AM,Top antitrust U.S. senator says Apple's AirTags news is 'timely',0.2023,0.167,0.833,0.0,1
8,AAPL,2021-04-21,11:06AM,Apple supplier Quanta says no business impact from ransomware attack,-0.6486,0.0,0.602,0.398,-1
9,AAPL,2021-04-21,10:55AM,Top antitrust U.S. senator says Apple's AirTags news is 'timely',0.2023,0.167,0.833,0.0,1
10,AAPL,2021-04-21,10:20AM,"10 best tablets for drawing, gaming and films",0.6369,0.375,0.625,0.0,1
11,AAPL,2021-04-21,10:16AM,"Best mobile phone deals in the UK for April 2021: Sales on iPhone, Samsung, Google Pixel and more",0.6369,0.198,0.802,0.0,1
12,AAPL,2021-04-21,10:10AM,Why consumers will eat up Apple's new products,0.0,0.0,1.0,0.0,0
13,AAPL,2021-04-21,09:55AM,"Apple (AAPL) Unveils New iPad, iMac, AirTags, TV 4K & More",0.0,0.0,1.0,0.0,0
14,AAPL,2021-04-21,09:35AM,Derek Chauvin verdict sparks response from corporate America: 'Radical changes' still needed,0.1531,0.127,0.873,0.0,1
15,AAPL,2021-04-21,09:29AM,Wednesdays Pre-Market: Heres What You Need To Know Before The Market Opens,0.0,0.0,1.0,0.0,0
16,AAPL,2021-04-21,08:52AM,Better Semiconductor Stock: ASML vs. TSMC,0.4404,0.367,0.633,0.0,1
17,AAPL,2021-04-21,08:17AM,"Dow Jones Futures: Netflix Dives On Subscriber Miss, Chip Giant ASML Rallies After Market Retreat Slams Leaders",0.0516,0.098,0.815,0.087,1
18,AAPL,2021-04-21,07:32AM,What Is Shopify Doing With Its $6 Billion in Cash?,0.0,0.0,1.0,0.0,0
19,AAPL,2021-04-21,07:02AM,Netflix stock craters after subscriber miss  is now a great time to buy?,0.5423,0.261,0.637,0.102,1
20,AAPL,2021-04-21,06:28AM,Apple Introduces New Products At Virtual Event,0.0,0.0,1.0,0.0,0
21,AAPL,2021-04-21,06:00AM,Facebook has a lot more work to do to bring non-white people into leadership positions: Carolyn Everson,0.0,0.0,1.0,0.0,0
22,AAPL,2021-04-21,03:57AM,What is Apple AirTag? Small tracking tile launched for iPhone users,0.128,0.13,0.87,0.0,1
23,AAPL,2021-04-21,03:43AM,"Rampant Virus, Geopolitical Conflicts, Semi and Bank Stocks, Apple, Netflix, Ark",-0.3818,0.0,0.794,0.206,-1
24,AAPL,2021-04-21,03:05AM,"Apple event as it happened: New iPad Pro, iMac, AirTags and more unveiled at Spring Loaded launch",0.0,0.0,1.0,0.0,0
25,AAPL,2021-04-21,02:30AM,Apple Targeted in $50 Million Ransomware Hack of Supplier Quanta,0.0,0.0,1.0,0.0,0
26,AAPL,2021-04-21,02:24AM,"iOS 14.5: Major and controversial new iPhone update release date coming next week, Apple says",-0.2023,0.0,0.886,0.114,-1
27,AAPL,2021-04-21,01:14AM,"Netflix, Chipotle, Apple, Manchester United - 5 Things You Must Know",0.4215,0.259,0.741,0.0,1
28,AAPL,2021-04-21,12:13AM,Investing in Apple Stock (AAPL),0.0,0.0,1.0,0.0,0
29,AAPL,2021-04-20,11:13PM,Apple Making Progressive Movements in Product Lines: IDC,0.0,0.0,1.0,0.0,0
30,AAPL,2021-04-20,07:02PM,Were Hedge Funds Right About Piling Into Apple Inc. (AAPL)?,0.0,0.0,1.0,0.0,0
31,AAPL,2021-04-20,06:25PM,An Apple Event for These Pandemic Times,0.0,0.0,1.0,0.0,0
32,AAPL,2021-04-20,05:45PM,Apple (AAPL) Dips More Than Broader Markets: What You Should Know,0.0,0.0,1.0,0.0,0
33,AAPL,2021-04-20,05:11PM,Apple unveils £29 AirTag tracking devices to find lost keys,-0.3182,0.0,0.796,0.204,-1
34,AAPL,2021-04-20,04:40PM,Netflix is still very much in play and ahead of the game: Santosh Rao,0.3947,0.17,0.83,0.0,1
35,AAPL,2021-04-20,04:36PM,Apple Debuts Faster iPad Pro With Brighter Screen and 5G Option,0.3818,0.206,0.794,0.0,1
36,AAPL,2021-04-20,04:35PM,Stock Market Today: Investors Head for Safety Amid Another Selloff,0.4215,0.237,0.763,0.0,1
37,AAPL,2021-04-20,04:26PM,"Apple Launching New iMac That Starts at $1,299",0.0,0.0,1.0,0.0,0
38,AAPL,2021-04-20,04:11PM,Apples Big Crackdown on Digital Ad Tracking Hits Next Week,0.0,0.0,1.0,0.0,0
39,AAPL,2021-04-20,04:08PM,"Apple Debuts AirTags Item Trackers, New iMacs, iPads At Spring Product Launch",0.0,0.0,1.0,0.0,0
40,AAPL,2021-04-20,04:05PM,"Apple event: New iPad, iPhone colour, Apple TV, iMac and everything else announced during live launch video",0.0,0.0,1.0,0.0,0
41,AAPL,2021-04-20,04:00PM,New iPad Pro: Apple brings its M1 chip to its tablet during live event,0.0,0.0,1.0,0.0,0
42,AAPL,2021-04-20,03:44PM,New iMac: Apple reveals colourful new desktop computers with its own chips inside,0.0,0.0,1.0,0.0,0
43,AAPL,2021-04-20,03:28PM,Apple launches paid-for podcast subscription service,0.0,0.0,1.0,0.0,0
44,AAPL,2021-04-20,03:05PM,"Dow Jones Slumps 300 Points, But IBM Flashes Buy Signal; Apple Debuts New iMacs, iPad Pro Tablets",0.0,0.0,1.0,0.0,0
45,AAPL,2021-04-20,03:05PM,Apples M1 chip is where everything is going for the company: Analyst,0.0,0.0,1.0,0.0,0
46,AAPL,2021-04-20,02:56PM,Apple reveals new products,0.0,0.0,1.0,0.0,0
47,AAPL,2021-04-20,02:56PM,This chart shows the deluge of corporate spending on technology since 1980,0.0,0.0,1.0,0.0,0
48,AAPL,2021-04-20,02:55PM,"Apple Launches Redesigned iMac Desktop With Colors, Custom Chip",0.0,0.0,1.0,0.0,0
49,AAPL,2021-04-20,02:47PM,"Apple debuts Apple TV 4K with improved remote, color balancing feature",0.4767,0.237,0.763,0.0,1
50,AAPL,2021-04-20,02:44PM,"Apple puts its custom chips into colorful new iMacs, upgraded iPad Pro",0.0,0.0,1.0,0.0,0
51,AAPL,2021-04-20,02:12PM,"Apple Just Announced a New iPad, iMac, and AppleTV. Its Stock Is Still Down.",0.0,0.0,1.0,0.0,0
52,AAPL,2021-04-20,02:03PM,"Apple debuts iPad Pro with high-powered M1 chip, high-end display",0.0,0.0,1.0,0.0,0
53,AAPL,2021-04-20,01:58PM,"Apple Introduces New iPad Pro Featuring Breakthrough M1 Chip, Ultra-Fast 5G, and Stunning 12.9-inch Liquid Retina XDR Display",0.3818,0.133,0.867,0.0,1
54,AAPL,2021-04-20,01:50PM,UPDATE 1-Apple goes to battle with Spotify in premium podcast push,-0.3818,0.0,0.794,0.206,-1
55,AAPL,2021-04-20,01:45PM,Apple debuts incredibly thin iMac with M1 chip,0.0,0.0,1.0,0.0,0
56,AAPL,2021-04-20,01:36PM,"All-New iMac Features Stunning Design in a Spectrum of Vibrant Colors, the Breakthrough M1 Chip, and a Brilliant 4.5K Retina Display",0.8689,0.38,0.62,0.0,1
57,AAPL,2021-04-20,01:27PM,Apple goes to battle with Spotify in premium podcast push,-0.3818,0.0,0.776,0.224,-1
58,AAPL,2021-04-20,01:21PM,Apple Launches $29 AirTag Gadget for Tracking Physical Items,0.0,0.0,1.0,0.0,0
59,AAPL,2021-04-20,01:20PM,"Apple Unveils the Next Generation of Apple TV 4K, Making the Best Device for Watching Shows and Movies Even Better",0.7964,0.283,0.717,0.0,1
60,AAPL,2021-04-20,01:18PM,Apple debuts AirTag for easily tracking your lost items like keys,0.3818,0.322,0.526,0.151,1
61,AAPL,2021-04-20,01:17PM,Apple Announces Paid Podcast Subscriptions to Rival Spotify,0.0,0.0,1.0,0.0,0
62,AAPL,2021-04-20,01:17PM,Apple goes to battle with Spotify in premium podcast push,-0.3818,0.0,0.776,0.224,-1
63,AAPL,2021-04-20,01:11PM,Apple Introduces AirTag,0.0,0.0,1.0,0.0,0
64,AAPL,2021-04-20,01:06PM,Apple Introduces iPhone 12 and iPhone 12 mini in a Stunning New Purple,0.3818,0.191,0.809,0.0,1
65,AAPL,2021-04-20,01:05PM,Apple Leads the Next Chapter of Podcasting With Apple Podcasts Subscriptions,0.0,0.0,1.0,0.0,0
66,AAPL,2021-04-20,01:05PM,"Apple Introduces Apple Card Family, Enabling People to Share Apple Card and Build Credit Together",0.5859,0.27,0.73,0.0,1
67,AAPL,2021-04-20,12:25PM,"UPDATE 3-Apple announces AirTags for lost items, podcast subscriptions at iPad launch event",-0.3182,0.0,0.839,0.161,-1
68,AAPL,2021-04-20,12:25PM,Heres Why Apple Inc. (AAPL) Landed in Alger Spectras Top Detractor List,0.2023,0.141,0.859,0.0,1
69,AAPL,2021-04-20,12:20PM,How to watch the Apple event Spring Loaded,0.0,0.0,1.0,0.0,0
70,AAPL,2021-04-20,12:10PM,Can Apple (AAPL) Keep the Earnings Surprise Streak Alive?,0.5719,0.402,0.598,0.0,1
71,AAPL,2021-04-20,12:08PM,"Dow Jones Dives 300 Points Despite IBM, J&J Gains As Stock Market Gets Slammed",-0.2584,0.0,0.865,0.135,-1
72,AAPL,2021-04-20,12:07PM,What will be announced at todays Apple event? What we know so far,0.0,0.0,1.0,0.0,0
73,AAPL,2021-04-20,12:02PM,Dow Jones Sells Off As Apple Slides Ahead Of 'Spring Loaded' Event; Tesla Jumps On Price Target Boost,0.4019,0.137,0.863,0.0,1
74,AAPL,2021-04-20,11:57AM,"Apple event live stream: How to watch launch as new iPad, iMac and more are rumoured",0.0,0.0,1.0,0.0,0
75,AAPL,2021-04-20,11:55AM,What will be announced at todays Apple event? What we know so far,0.0,0.0,1.0,0.0,0
76,AAPL,2021-04-20,11:49AM,When is the Apple event 2021?,0.0,0.0,1.0,0.0,0
77,AAPL,2021-04-20,11:37AM,"Apple event 2021: When is next launch, what will happen and how do I watch it?",0.0,0.0,1.0,0.0,0
78,AAPL,2021-04-20,11:03AM,"The best paid and free VPNs for iPhones, Android, laptops, and streaming",0.8176,0.429,0.571,0.0,1
79,AAPL,2021-04-20,10:12AM,Should you buy Apple stock? Here are the key numbers to look at now,0.0,0.0,1.0,0.0,0
80,AAPL,2021-04-20,08:56AM,Its Time for Apples Virtual Event.  Heres What to Expect.,0.0,0.0,1.0,0.0,0
81,AAPL,2021-04-20,08:37AM,"Apple podcast service, tags for lost items expected at iPad launch event",-0.3182,0.0,0.827,0.173,-1
82,AAPL,2021-04-20,08:16AM,Better Buy: Apple vs. IBM,0.4404,0.42,0.58,0.0,1
83,AAPL,2021-04-20,08:16AM,Its Doge Day. What That Means for Dogecoin and Other Cryptocurrencies.,0.0,0.0,1.0,0.0,0
84,AAPL,2021-04-20,07:26AM,"Apple podcast service, tags for lost items expected at iPad launch event",-0.3182,0.0,0.827,0.173,-1
85,AAPL,2021-04-20,07:20AM,"Apple podcast service, tags for lost items expected at iPad launch event",-0.3182,0.0,0.827,0.173,-1
86,AAPL,2021-04-20,07:15AM,5G Stocks To Buy And Watch: Smartphones Rule Today But Enterprise Plays Will Kick In,0.25,0.125,0.875,0.0,1
87,AAPL,2021-04-20,07:00AM,"What Are FANG Stocks, And Should You Invest In Them?",0.0,0.0,1.0,0.0,0
88,AAPL,2021-04-20,06:55AM,8 best wireless printers to upgrade your home office set-up,0.6369,0.344,0.656,0.0,1
89,AAPL,2021-04-20,04:24AM,"UPDATE 1-Taiwan March export orders up again, outlook strong",0.5106,0.292,0.708,0.0,1
90,AAPL,2021-04-20,02:20AM,Apple's 'Spring Loaded' Event - Here's What to Expect,0.0,0.0,1.0,0.0,0
91,AAPL,2021-04-20,01:52AM,Dow Futures Fall as COVID Surge Clouds US Earnings; Apple Launch in Focus,0.0,0.0,1.0,0.0,0
92,AAPL,2021-04-19,06:32PM,Apple to Reinstate Parler; Google Offers Potential Return,0.0,0.0,1.0,0.0,0
93,AAPL,2021-04-19,04:32PM,"Senate to Call Spotify, Match at Apple, Google Antitrust Hearing",0.0,0.0,1.0,0.0,0
94,AAPL,2021-04-19,03:54PM,Far-right social media app Parler is coming back to the App Store after suspension for role in Capitol riots,-0.5106,0.0,0.845,0.155,-1
95,AAPL,2021-04-19,03:11PM,The pandemic may have permanently altered Apples path,0.0,0.0,1.0,0.0,0
96,AAPL,2021-04-19,02:42PM,Apple's event on April 20: What to expect,0.0,0.0,1.0,0.0,0
97,AAPL,2021-04-19,01:49PM,A Bullish Technical Take On Apple Stock,0.0,0.0,1.0,0.0,0
98,AAPL,2021-04-19,01:00PM,"Facebook Pushes Into Audio to Compete With Clubhouse, Twitter",0.0,0.0,1.0,0.0,0
99,AAPL,2021-04-19,01:00PM,"Fitbit launches new fashion forward Fitbit Luxe tracker, its first under Google",0.0,0.0,1.0,0.0,0
100,TSLA,2021-04-21,01:12PM,Tesla to report first-quarter earnings amid renewed concerns about its Autopilot,0.0,0.0,1.0,0.0,0
101,TSLA,2021-04-21,12:43PM,"Dow Rallies 200 Points As Netflix Plunges On Earnings; Apple, Tesla Reverse Higher",0.0,0.0,1.0,0.0,0
102,TSLA,2021-04-21,12:34PM,Tesla comes under growing China pressure after customer complaint,-0.4019,0.14,0.496,0.364,-1
103,TSLA,2021-04-21,12:29PM,Is Dogecoin Still a Joke?,0.296,0.423,0.577,0.0,1
104,TSLA,2021-04-21,12:19PM,"ARK Invest Stocks To Buy And Watch: 6 Stocks That Cathie Wood's ARK ETFs Own; Coinbase, Tesla Reverse Higher",0.0,0.0,1.0,0.0,0
105,TSLA,2021-04-21,11:36AM,Tesla Stock Is Underperforming. Has a Protest Hurt?,-0.6597,0.0,0.481,0.519,-1
106,TSLA,2021-04-21,11:12AM,UPDATE 2-Tesla comes under growing China pressure after customer complaint,-0.4019,0.13,0.534,0.336,-1
107,TSLA,2021-04-21,10:45AM,Audi Unveils A6 e-tron Electric Vehicle Concept Car,0.0,0.0,1.0,0.0,0
108,TSLA,2021-04-21,10:44AM,Disrupters Like Tesla Get A Taste Of Their Own Medicine,0.3612,0.238,0.762,0.0,1
109,TSLA,2021-04-21,10:16AM,Tesla comes under growing China pressure after customer complaint,-0.4019,0.14,0.496,0.364,-1
110,TSLA,2021-04-21,10:09AM,"Tesla apologies after customer protested at autoshow, says to share car data with Chinese regulator",0.1779,0.132,0.778,0.09,1
111,TSLA,2021-04-21,10:03AM,"REFILE-AUTOSHOW-Tesla apologizes after customer protested at autoshow, to share car data with Chinese regulator",0.4939,0.273,0.64,0.087,1
112,TSLA,2021-04-21,09:28AM,"Dogecoin boom is a retail phenomenon driven by Powell giving money to everybody, Novogratz says",0.34,0.156,0.844,0.0,1
113,TSLA,2021-04-21,08:44AM,"AUTOSHOW-Chinese woman's Tesla protest prompts 5-day detention, company apology",-0.5106,0.103,0.513,0.385,-1
114,TSLA,2021-04-21,08:03AM,"RPT-AUTOSHOW-Chinese woman's Tesla protest prompts 5-day detention, company apology",-0.5106,0.103,0.513,0.385,-1
115,TSLA,2021-04-21,07:44AM,Things to Note Ahead of Tesla's (TSLA) Q1 Earnings Release,0.0,0.0,1.0,0.0,0
116,TSLA,2021-04-21,04:00AM,Should I Buy Tesla Stock? Everything You Need to Know About the EV Company.,0.0,0.0,1.0,0.0,0
117,TSLA,2021-04-21,03:51AM,Dogecoin price crashes as 'Dogeday' hype fades,0.0,0.0,1.0,0.0,0
118,TSLA,2021-04-20,11:27PM,Tesla drives on Autopilot through a regulatory grey zone,0.0516,0.146,0.854,0.0,1
119,TSLA,2021-04-20,10:23PM,Tesla Apologizes to Chinese Customer,0.3612,0.385,0.615,0.0,1
120,TSLA,2021-04-20,08:04PM,Tesla first-quarter registrations in California fall marginally - data,0.0,0.0,1.0,0.0,0
121,TSLA,2021-04-20,07:00PM,Trafigura Bets on Green-Nickel Squeeze in Defiance of China Cure,0.0,0.0,1.0,0.0,0
122,TSLA,2021-04-20,05:41PM,Doctor named as one of victims in fatal Tesla crash in Texas,-0.8176,0.0,0.514,0.486,-1
123,TSLA,2021-04-20,05:06PM,Doctor named as one of victims in fatal Tesla crash in Texas,-0.8176,0.0,0.514,0.486,-1
124,TSLA,2021-04-20,03:59PM,Why Growth Stocks Rebound Doesnt Mean Values Comeback Is Over,0.088,0.202,0.622,0.176,1
125,TSLA,2021-04-20,03:38PM,UPDATE 1-Dogecoin cryptocurrency slumps after hashtag-fueled surge to record high,0.0,0.0,1.0,0.0,0
126,TSLA,2021-04-20,03:09PM,Tesla drives on Autopilot through a regulatory grey zone,0.0516,0.146,0.854,0.0,1
127,TSLA,2021-04-20,03:00PM,INSIGHT-Tesla drives on Autopilot through a regulatory grey zone,0.0516,0.146,0.854,0.0,1
128,TSLA,2021-04-20,01:19PM,Chip supply shortage won't end in 2021: AutoNation CEO,-0.25,0.0,0.8,0.2,-1
129,TSLA,2021-04-20,12:33PM,Tesla's biggest rival in China is all in on flying cars,0.0,0.0,1.0,0.0,0
130,TSLA,2021-04-20,12:19PM,"Chinese woman's Tesla protest prompts 5-day detention, company apology",-0.5106,0.103,0.513,0.385,-1
131,TSLA,2021-04-20,12:12PM,"AUTOSHOW-Chinese woman's Tesla protest prompts 5-day detention, company apology",-0.5106,0.103,0.513,0.385,-1
132,TSLA,2021-04-20,12:02PM,Dow Jones Sells Off As Apple Slides Ahead Of 'Spring Loaded' Event; Tesla Jumps On Price Target Boost,0.4019,0.137,0.863,0.0,1
133,TSLA,2021-04-20,11:21AM,Tesla Will Be Probed For Vehicle Crash Data By Texas Police  Report,-0.4019,0.0,0.803,0.197,-1
134,TSLA,2021-04-20,10:42AM,Options Trading: Consider A Bull Put Spread For Tesla Stock Ahead Of Q1 Earnings Report,0.0,0.0,1.0,0.0,0
135,TSLA,2021-04-20,10:02AM,Xpeng Pres. on autonomous driving: Keeping our customers safe is critical,0.1531,0.204,0.634,0.162,1
136,TSLA,2021-04-20,10:00AM,DogeDay hashtags help meme-based cryptocurrency Dogecoin hit new high,0.4019,0.252,0.748,0.0,1
137,TSLA,2021-04-20,10:00AM,White House National Climate Advisor aims to cut U.S. emissions,-0.2732,0.0,0.811,0.189,-1
138,TSLA,2021-04-20,09:51AM,DogeDay hashtags help meme-based cryptocurrency Dogecoin hit new high,0.4019,0.252,0.748,0.0,1
139,TSLA,2021-04-20,09:30AM,"Tesla stock gets a price target boost ahead of earnings, as Mizuho analyst is upbeat on deliveries outlook",0.4019,0.144,0.856,0.0,1
140,TSLA,2021-04-20,08:57AM,Musk Says Autopilot Not Engaged in Tesla Crash,-0.607,0.0,0.548,0.452,-1
141,TSLA,2021-04-20,08:21AM,Dow Jones Futures Signal Further Losses For 'Hard Penny' Market Rally; Netflix Near Buy With Earnings Due,-0.4767,0.0,0.785,0.215,-1
142,TSLA,2021-04-20,08:19AM,China state media calls for regulator investigation in Tesla's brake issues,0.0,0.0,1.0,0.0,0
143,TSLA,2021-04-20,08:17AM,GLOBAL MARKETS-World stocks edge back as COVID-19 cases climb,0.0,0.0,1.0,0.0,0
144,TSLA,2021-04-20,06:38AM,What is Dogeday 4/20?,0.0,0.0,1.0,0.0,0
145,TSLA,2021-04-20,06:24AM,Tesla's US market share was 'probably close to peak' in 2020: Analyst,0.296,0.167,0.833,0.0,1
146,TSLA,2021-04-20,05:09AM,Crypto: Bitcoin and ethereum sink but Dogecoin rallies on 'Dogeday',0.0,0.0,1.0,0.0,0
147,TSLA,2021-04-20,05:06AM,Dogecoin price: Fans of meme cryptocurrency hope to push value to 69 cents to celebrate #DogeDay420,0.8402,0.409,0.591,0.0,1
148,TSLA,2021-04-20,04:17AM,"GLOBAL MARKETS-World stocks edge back, bond yields, COVID-19 cases rise",0.0,0.0,1.0,0.0,0
149,TSLA,2021-04-20,03:53AM,Chinese woman who stormed Tesla display at car show detained for five days,-0.4019,0.0,0.816,0.184,-1
150,TSLA,2021-04-20,03:43AM,Elon Musk tweets that Autopilot had not been enabled as Tesla crash brings scrutiny,-0.4019,0.0,0.828,0.172,-1
151,TSLA,2021-04-20,02:07AM,YouTube bans ads on beauty influencer James Charles videos amid sexting scandal - live updates,0.2263,0.203,0.642,0.155,1
152,TSLA,2021-04-20,02:05AM,"IBM, Netflix, Dogecoin, Tesla, 420 Day - 5 Things You Must Know",0.0,0.0,1.0,0.0,0
153,TSLA,2021-04-19,08:37PM,Two die in driverless Tesla incident. Where are the regulators?,-0.5994,0.0,0.698,0.302,-1
154,TSLA,2021-04-19,06:19PM,"Tesla Stock Up As Musk Says Autopilot, FSD Not Involved In Crash",0.3089,0.17,0.83,0.0,1
155,TSLA,2021-04-19,06:08PM,Tesla Vs. Nvidia: Which Stock Chart Looks Like The Better Buy?,0.6597,0.375,0.625,0.0,1
156,TSLA,2021-04-19,05:47PM,Its time to notice Teslas Autopilot death toll,-0.5994,0.0,0.642,0.358,-1
157,TSLA,2021-04-19,04:20PM,"US STOCKS-Wall Street slips off record highs, Tesla drops after fatal crash",-0.7351,0.0,0.617,0.383,-1
158,TSLA,2021-04-19,04:07PM,Teslas Fiery Crash Adds to Drag on Already Wobbly EV Stocks,-0.7184,0.0,0.533,0.467,-1
159,TSLA,2021-04-19,04:01PM,"US STOCKS-Wall Street slips off record highs, Tesla drops after fatal crash",-0.7351,0.0,0.617,0.383,-1
160,TSLA,2021-04-19,03:58PM,Its time to notice Teslas Autopilot death toll,-0.5994,0.0,0.642,0.358,-1
161,TSLA,2021-04-19,02:49PM,How Tesla could be impacted by the fatal crash in Texas,-0.7351,0.0,0.592,0.408,-1
162,TSLA,2021-04-19,02:06PM,"US STOCKS-Wall Street slips from all-time peaks, Tesla drops after fatal crash",-0.7351,0.0,0.617,0.383,-1
163,TSLA,2021-04-19,01:33PM,Tesla crash investigation,-0.4019,0.0,0.426,0.574,-1
164,TSLA,2021-04-19,01:25PM,U.S. agencies probe fatal Tesla crash believed to be driverless,-0.7351,0.0,0.563,0.437,-1
165,TSLA,2021-04-19,12:30PM,Tesla (TSLA) Reports Next Week: Wall Street Expects Earnings Growth,0.3818,0.224,0.776,0.0,1
166,TSLA,2021-04-19,12:26PM,"Dow Jones Slips As Boeing Weighs, But Coca-Cola Gains; Here's Why GameStop Is Soaring",0.34,0.156,0.844,0.0,1
167,TSLA,2021-04-19,12:19PM,US STOCKS-Wall Street slips from record levels; Tesla drops after fatal car crash,-0.7351,0.0,0.64,0.36,-1
168,TSLA,2021-04-19,11:52AM,U.S. agencies probe fatal Tesla crash believed to be driverless,-0.7351,0.0,0.563,0.437,-1
169,TSLA,2021-04-19,11:32AM,UPDATE 3-U.S. agencies probe fatal Tesla crash believed to be driverless,-0.7351,0.0,0.592,0.408,-1
170,TSLA,2021-04-19,11:28AM,Why Tesla Stock Dropped on Monday,0.0,0.0,1.0,0.0,0
171,TSLA,2021-04-19,10:56AM,Tesla Drags Nasdaq Lower on Crash; NVIDIA Buy Faces Regulatory Challenge,-0.6486,0.087,0.47,0.443,-1
172,TSLA,2021-04-19,10:45AM,Dow Jones Slips As Coca-Cola Passes Buy; Tesla Down After Deadly Crash; GameStop CEO Quits,-0.4019,0.0,0.838,0.162,-1
173,TSLA,2021-04-19,10:29AM,"Dow Jones, S&P 500 Ease From Record Highs; Coca-Cola Rises On Earnings; Nvidia, Tesla Stock Drag On Nasdaq",0.1531,0.123,0.784,0.093,1
174,TSLA,2021-04-19,10:26AM,"US STOCKS-S&P 500, Dow slip from record highs; Coca-Cola rises on results",0.0,0.0,1.0,0.0,0
175,TSLA,2021-04-19,10:21AM,Tesla Stock Falls After Potential Autopilot Crash,-0.4019,0.0,0.69,0.31,-1
176,TSLA,2021-04-19,10:13AM,Tesla autopilot car crash leaves two men dead,-0.7906,0.0,0.462,0.538,-1
177,TSLA,2021-04-19,09:44AM,"Tesla With No One Driving Crashes in Texas, Killing Two",-0.765,0.0,0.548,0.452,-1
178,TSLA,2021-04-19,09:14AM,Tesla's stock drops after reports of fatal crash of vehicle with apparently no driver,-0.8126,0.0,0.567,0.433,-1
179,TSLA,2021-04-19,08:20AM,"Dow Jones Futures Fall, Bitcoin Slumps As Stock Market Rally Enters Power Trend; Square, Apple, Tesla In Focus",0.0,0.0,1.0,0.0,0
180,TSLA,2021-04-19,08:00AM,How Investors Maxed Out Gains From This Record $22 Trillion Rally,0.34,0.194,0.806,0.0,1
181,TSLA,2021-04-19,05:25AM,"15 Best Stocks in the Past Week: Novavax, Moderna Surge Higher",0.6369,0.296,0.704,0.0,1
182,TSLA,2021-04-19,04:16AM,Chinas $87 Billion Electric-Car Giant Hasnt Sold a Vehicle Yet,0.0,0.0,1.0,0.0,0
183,TSLA,2021-04-19,04:14AM,Cryptocurrency prices stabilise after wild weekend,0.0,0.0,1.0,0.0,0
184,TSLA,2021-04-19,03:25AM,Bitcoin and Other Cryptocurrencies Stabilize After Weekend Rout,0.0,0.0,1.0,0.0,0
185,TSLA,2021-04-18,08:00PM,Further reading,0.0,0.0,1.0,0.0,0
186,TSLA,2021-04-18,06:35PM,Tesla Settles Lawsuit With Ex-Employee Over Autopilot Source Code,-0.2263,0.0,0.808,0.192,-1
187,TSLA,2021-04-18,06:00PM,How To Play The $2.6 Trillion Clean Energy Investment Boom,0.7351,0.507,0.493,0.0,1
188,TSLA,2021-04-18,05:03PM,Analysis-China's green car credit scheme turns up heat on carbon-emitters,0.3818,0.224,0.776,0.0,1
189,TSLA,2021-04-18,03:52PM,Two die after Tesla crashes with 'no one driving',-0.7269,0.0,0.534,0.466,-1
190,TSLA,2021-04-18,03:24PM,Tesla Crash In Texas Leads To 2 Deaths And Fire That Took 4 Hours To Extinguish,-0.6249,0.0,0.702,0.298,-1
191,TSLA,2021-04-18,03:03PM,UPDATE 2-Two dead in Tesla crash in Texas that was believed to be driverless,-0.7906,0.0,0.632,0.368,-1
192,TSLA,2021-04-18,02:58PM,Two dead in Tesla crash in Texas that was believed to be driverless,-0.7906,0.0,0.611,0.389,-1
193,TSLA,2021-04-18,02:13PM,Two dead in Tesla crash in Texas that was believed to be driverless - WSJ,-0.7906,0.0,0.632,0.368,-1
194,TSLA,2021-04-18,07:00AM,Elon Musk and Snoop Dogg Love Dogecoin. Should You?,0.6369,0.344,0.656,0.0,1
195,TSLA,2021-04-18,05:49AM,Bitcoin and crypto markets crash on US crackdown reports,-0.4019,0.0,0.748,0.252,-1
196,TSLA,2021-04-17,02:46PM,"Benzinga's Bulls And Bears Of The Week: Alphabet, Coinbase, GE, Quantumscape, Tesla And More",0.0,0.0,1.0,0.0,0
197,TSLA,2021-04-17,02:25PM,"Ark Funds Add More Coinbase, Offload Some Tesla",0.0,0.0,1.0,0.0,0
198,TSLA,2021-04-17,08:30AM,Autonomous Driving Is Closer Than You Think. But Not Because of Tesla.,0.0,0.0,1.0,0.0,0
199,TSLA,2021-04-17,08:23AM,These 3 Tech Stocks Are Building the Future,0.0,0.0,1.0,0.0,0
200,WMT,2021-04-21,11:49AM,4 Dow Jones Stocks To Buy And Watch In April 2021: Apple Reverses,0.0,0.0,1.0,0.0,0
201,WMT,2021-04-21,07:07AM,"The Zacks Analyst Blog Highlights: Walmart, Comcast, Broadcom, Sanofi and HSBC Holdings",0.0,0.0,1.0,0.0,0
202,WMT,2021-04-20,01:37PM,"Top Analyst Reports for Walmart, Comcast & Broadcom",0.2023,0.231,0.769,0.0,1
203,WMT,2021-04-20,08:18AM,A new kind of chicken war: Kellogg's MorningStar Farms unveils plant-based tenders,-0.5106,0.11,0.621,0.269,-1
204,WMT,2021-04-20,08:07AM,Fears £6.8bn Asda takeover could lead to higher fuel prices,-0.4215,0.0,0.763,0.237,-1
205,WMT,2021-04-20,06:40AM,Asda takeover may force billionaire brothers to sell 50 petrol stations,0.0,0.0,1.0,0.0,0
206,WMT,2021-04-19,05:45PM,Walmart (WMT) Dips More Than Broader Markets: What You Should Know,0.0,0.0,1.0,0.0,0
207,WMT,2021-04-19,10:22AM,Bill Gates Top 10 High Dividend Stocks,0.2023,0.231,0.769,0.0,1
208,WMT,2021-04-19,09:00AM,"One Year Later, Testing Remains Important",0.2023,0.265,0.735,0.0,1
209,WMT,2021-04-18,10:02AM,Billionaire Issa brothers swoop for fast food chain Leon,0.0,0.0,1.0,0.0,0
210,WMT,2021-04-16,05:32PM,"5 Top Stock Trades for Monday: BA, MS, WMT, AA, KO",0.2023,0.167,0.833,0.0,1
211,WMT,2021-04-16,12:35PM,Consumer confidence fuels blistering sales at Bed Bath & Beyond this spring,0.5106,0.248,0.752,0.0,1
212,WMT,2021-04-16,09:51AM,Amazon Defies Reuters' Story As Evidence In Indian Antitrust Probe: Reuters,0.1779,0.145,0.855,0.0,1
213,WMT,2021-04-16,09:09AM,"Walmart (WMT) To Fortify Delivery Game, Invests in Cruise",0.0,0.0,1.0,0.0,0
214,WMT,2021-04-16,08:37AM,Better Buy: Disney vs. Walmart,0.4404,0.42,0.58,0.0,1
215,WMT,2021-04-16,04:09AM,"China's Economy, Retail Sales, Helicopter Money, Walmart's Autonomous Vehicles",0.0,0.0,1.0,0.0,0
216,WMT,2021-04-15,06:38PM,"Is Kroger Stock A Buy Right Now? Here's What Earnings, Charts Show",0.0,0.0,1.0,0.0,0
217,WMT,2021-04-15,06:16PM,Walmart Joins a Multibillion-Dollar Investment in Self-Driving Cars,0.0,0.0,1.0,0.0,0
218,WMT,2021-04-15,05:40PM,"In E-commerce Race, Walmart Eyes Its Workforce and Delivery Tech",0.0,0.0,1.0,0.0,0
219,WMT,2021-04-15,05:06PM,Walmart bets on GM's Cruise self-driving unit,0.0,0.0,1.0,0.0,0
220,WMT,2021-04-15,04:07PM,GM Stock Rises On Latest Big Investor In Self-Driving Unit Cruise,0.0,0.0,1.0,0.0,0
221,WMT,2021-04-15,12:13PM,"Walmart invests in San Francisco-based autonomous vehicle company, Cruise",0.0,0.0,1.0,0.0,0
222,WMT,2021-04-15,10:29AM,"Amazon Prime now has 200 million members, jumping 50 million in one year",0.1779,0.124,0.876,0.0,1
223,WMT,2021-04-15,09:51AM,Walmart Takes Stake in GM Autonomous-Vehicle Unit Cruise,0.0,0.0,1.0,0.0,0
224,WMT,2021-04-15,09:36AM,Walmart invests in self-driving electric car company Cruise after delivery pilot,0.0,0.0,1.0,0.0,0
225,WMT,2021-04-15,09:19AM,"Self-driving startup Cruise raises $2.75 billion from Walmart, others",0.0,0.0,1.0,0.0,0
226,WMT,2021-04-15,08:22AM,Walmart flagged for failing cage-free chicken test in Latin America,-0.5106,0.0,0.732,0.268,-1
227,WMT,2021-04-15,08:21AM,UPDATE 1-Walmart flagged for failing cage-free chicken test in Latin America,-0.5106,0.0,0.752,0.248,-1
228,WMT,2021-04-15,08:00AM,Walmart flagged for failing cage-free chicken test in Latin America,-0.5106,0.0,0.732,0.268,-1
229,WMT,2021-04-15,07:56AM,Amazons Future CEO Jassy to Accelerate India Push Amid Protests,-0.25,0.0,0.727,0.273,-1
230,WMT,2021-04-14,06:33PM,Walmart Sets the Goal of 67% Full-Time Employees by 2021's End,0.0,0.0,1.0,0.0,0
231,WMT,2021-04-14,05:39PM,"Amazon Pledges to Promote More Women, Black Employees",0.5106,0.417,0.583,0.0,1
232,WMT,2021-04-14,05:03PM,Walmart moving more workers to full time in retention effort,0.0,0.0,1.0,0.0,0
233,WMT,2021-04-14,03:22PM,"Is Walmart Stock A Buy Right Now? Here's What Charts, Analysis Show",0.0,0.0,1.0,0.0,0
234,WMT,2021-04-14,02:24PM,Walmart to increase full-time employees,0.3182,0.365,0.635,0.0,1
235,WMT,2021-04-14,02:00PM,"Kroger Is Amassing a Robot Army to Battle Amazon, Walmart",-0.2263,0.15,0.619,0.23,-1
236,WMT,2021-04-14,01:45PM,Walmart plans to make most store associates full-time by early 2022,0.0,0.0,1.0,0.0,0
237,WMT,2021-04-14,06:45AM,Indias Small Merchants Take on Amazon With Protest Meeting,-0.0772,0.159,0.654,0.187,-1
238,WMT,2021-04-14,06:10AM,How the pandemic helped Walmart battle Amazon Marketplace for sellers,-0.2263,0.138,0.65,0.211,-1
239,WMT,2021-04-14,06:03AM,Focus: How the pandemic helped Walmart battle Amazon Marketplace for sellers,-0.2263,0.128,0.677,0.195,-1
240,WMT,2021-04-13,05:45PM,Walmart (WMT) Stock Sinks As Market Gains: What You Should Know,0.34,0.194,0.806,0.0,1
241,WMT,2021-04-13,05:18PM,Walmart (WMT) Boosts India Operations With Flipkart-Adani Deal,0.3182,0.247,0.753,0.0,1
242,WMT,2021-04-13,02:12PM,Frontline food workers face disproportionate impacts from COVID-19 pandemic,0.0,0.0,1.0,0.0,0
243,WMT,2021-04-13,12:01PM,"Walmart increases efforts to save birds, bees, butterflies and other pollinators",0.4939,0.242,0.758,0.0,1
244,WMT,2021-04-13,06:00AM,Biden Hears 310 Companies Urge Speed on Climate: Raise the Bar,0.0,0.0,1.0,0.0,0
245,WMT,2021-04-12,06:41PM,Flipkarts Warehouse Venture to Bolster Walmarts India Presence,0.0,0.0,1.0,0.0,0
246,WMT,2021-04-12,09:25AM,Ecoark Awarded $115 Million in Lawsuit Against Walmart,0.2023,0.255,0.566,0.179,1
247,WMT,2021-04-12,07:59AM,Walmart Plans Massive India Warehouse With Billionaire Adani,0.0,0.0,1.0,0.0,0
248,WMT,2021-04-12,07:46AM,"Walmart China, Dada Group's JDDJ Extend Omni-Channel Customer Digitalization Partnership",0.1779,0.159,0.841,0.0,1
249,WMT,2021-04-11,07:00PM,Six New Unicorns in Four Days Marks Historic Boom for India Tech,0.0,0.0,1.0,0.0,0
250,WMT,2021-04-11,04:05PM,Better Buy: Costco vs. Walmart,0.4404,0.42,0.58,0.0,1
251,WMT,2021-04-10,08:00PM,A-Rod and ex-Walmart executive to buy Minnesota Timberwolves,0.0,0.0,1.0,0.0,0
252,WMT,2021-04-10,09:33AM,"What Amazon Can Learn from a Bruising Victory in Bessemer, Alabama",0.1779,0.159,0.841,0.0,1
253,WMT,2021-04-09,06:27PM,Black-Owned Restaurant Secures The Bag with Franchise Opportunity Within Walmart: It Started with Selling Fish on the Street,0.6249,0.242,0.758,0.0,1
254,WMT,2021-04-09,03:27PM,McDonald's to Close Hundreds of Stores in Walmart Locations,0.0,0.0,1.0,0.0,0
255,WMT,2021-04-09,01:29PM,McDonalds to exit hundreds more Walmart stores,0.0,0.0,1.0,0.0,0
256,WMT,2021-04-09,12:41PM,Amazon Wins Union Election in Setback to Labor Movement,0.6597,0.435,0.565,0.0,1
257,WMT,2021-04-09,12:00PM,McDonald's Is Closing Hundreds of Walmart Location Stores,0.0,0.0,1.0,0.0,0
258,WMT,2021-04-09,11:24AM,PetSmart LLC -- Moody's announces completion of a periodic review of ratings of PetSmart LLC,0.0,0.0,1.0,0.0,0
259,WMT,2021-04-09,11:14AM,"Petco Health and Wellness Company, Inc. -- Moody's announces completion of a periodic review of ratings of Petco Health and Wellness Company, Inc.",0.7003,0.225,0.775,0.0,1
260,WMT,2021-04-09,10:16AM,What Best Buys new membership program means for shoppers,0.6369,0.344,0.656,0.0,1
261,WMT,2021-04-09,08:16AM,McDonald's Plans to Shutter Hundreds of Outlets in Walmart Stores,0.0,0.0,1.0,0.0,0
262,WMT,2021-04-08,02:04PM,Best Buy Introduces Membership Plan to Rival Amazon Prime and Walmart+,0.7096,0.396,0.604,0.0,1
263,WMT,2021-04-08,01:23PM,Best Buy Joins the Membership Club. What Investors Should Know.,0.6369,0.318,0.682,0.0,1
264,WMT,2021-04-08,12:21PM,Best Buy is the latest retailer to attack Amazon Prime,0.4215,0.369,0.438,0.194,1
265,WMT,2021-04-08,08:45AM,Here's Why the Flipkart IPO Is a Brilliant Move for Walmart,0.5859,0.297,0.703,0.0,1
266,WMT,2021-04-08,07:15AM,"Is JD Stock A Buy Right Now? Here's What JD.com Earnings, Charts Show",0.0,0.0,1.0,0.0,0
267,WMT,2021-04-08,06:00AM,Tiger Global Backs Bots Startup Gupshup at $1.4 Billion Value,0.296,0.207,0.69,0.103,1
268,WMT,2021-04-08,04:32AM,Amazon Reveals Scorching India Growth as Walmart Fight Deepens,0.1779,0.333,0.465,0.202,1
269,WMT,2021-04-07,05:45PM,Walmart (WMT) Stock Sinks As Market Gains: What You Should Know,0.34,0.194,0.806,0.0,1
270,WMT,2021-04-07,04:30PM,The Simply Good Foods Company (SMPL) Q2 2021 Earnings Call Transcript,0.4404,0.225,0.775,0.0,1
271,WMT,2021-04-07,04:23PM,"How Walmart Makes Money: U.S., International, and Sam's Club Stores",0.0,0.0,1.0,0.0,0
272,WMT,2021-04-07,02:50PM,New robot Stretch to amplify productivity in warehouses: Boston Dynamics CEO,0.2732,0.174,0.826,0.0,1
273,WMT,2021-04-07,11:11AM,How COVID-19 has impacted teen's brand preferences,0.0,0.0,1.0,0.0,0
274,WMT,2021-04-07,08:43AM,"Alcoa, Anheueser-Busch InBev, Rent-A-Center, Target and Walmart highlighted as Zacks Bull and Bear of the Day",0.0,0.0,1.0,0.0,0
275,WMT,2021-04-06,06:24PM,Walmarts Sustainability Pitch to Wall Street,0.0,0.0,1.0,0.0,0
276,WMT,2021-04-06,04:57PM,Targets car seat trade-in event is back through April 17,0.0,0.0,1.0,0.0,0
277,WMT,2021-04-06,04:36PM,Dividends and Growth: Why RCII is a Strong Buy Retail Stock,0.7096,0.424,0.576,0.0,1
278,WMT,2021-04-06,04:27PM,Are Walmart+ Subscriptions Stagnating? One Analyst Thinks So.,0.0,0.0,1.0,0.0,0
279,WMT,2021-04-06,12:00PM,Is Walmart a Great Dividend Stock?,0.6249,0.506,0.494,0.0,1
280,WMT,2021-04-06,11:34AM,Walmart Flipkart India Unit Reportedly Progresses Toward IPO,0.0,0.0,1.0,0.0,0
281,WMT,2021-04-06,10:57AM,"Walmarts Flipkart Aims for IPO in Fourth Quarter, Sources Say",0.0,0.0,1.0,0.0,0
282,WMT,2021-04-05,12:13PM,Costco stock may surprise if the company hikes membership fees in fall 2022,0.2732,0.149,0.851,0.0,1
283,WMT,2021-04-05,12:00PM,3 Recession-Proof Stocks to Buy Now,0.0,0.0,1.0,0.0,0
284,WMT,2021-04-05,11:17AM,Retail outlook: expect discretionary retail to take off,0.0,0.0,1.0,0.0,0
285,WMT,2021-04-05,10:03AM,Top stocks investors bought and sold in March,0.2023,0.205,0.795,0.0,1
286,WMT,2021-04-05,08:00AM,Walmart and Sam's Club Fight Hunger. Spark Change. Campaign Helps Feeding America® Network of Local Food Banks Provide Meals to Communities in Need,-0.0258,0.16,0.676,0.164,0
287,WMT,2021-04-01,06:00AM,Fashion retailers bet bras with wires and a splash of color will sell this spring,0.0,0.0,1.0,0.0,0
288,WMT,2021-03-31,07:04PM,Walmart Inc. -- Moody's announces completion of a periodic review of ratings of Walmart Inc.,0.0,0.0,1.0,0.0,0
289,WMT,2021-03-31,05:32PM,Amazon Says Most U.S. Employees Will Return to Work in the Fall,0.1779,0.134,0.866,0.0,1
290,WMT,2021-03-31,01:00PM,Is there a pet food shortage?,-0.25,0.0,0.667,0.333,-1
291,WMT,2021-03-31,04:04AM,Indias First Unicorn Plans U.S. IPO at Value of Up to $15 Billion,0.34,0.167,0.833,0.0,1
292,WMT,2021-03-30,06:09PM,Moran Foods LLC -- Moody's announces completion of a periodic review of ratings of Moran Foods LLC,0.0,0.0,1.0,0.0,0
293,WMT,2021-03-30,05:45PM,Walmart (WMT) Dips More Than Broader Markets: What You Should Know,0.0,0.0,1.0,0.0,0
294,WMT,2021-03-30,04:05PM,Walmart Announces 2021 Annual Shareholders Meeting Date,0.0,0.0,1.0,0.0,0
295,WMT,2021-03-30,12:00PM,Got $3000? Here Are 3 Stocks to Buy and Hold for the Long Term,0.0,0.0,1.0,0.0,0
296,WMT,2021-03-30,11:10AM,New Strong Sell Stocks for March 30th,0.5106,0.355,0.645,0.0,1
297,WMT,2021-03-30,08:33AM,Walmart to Participate in Cowen's 2nd Annual Consumer Platforms for the Next Generation Summit,0.0,0.0,1.0,0.0,0
298,WMT,2021-03-29,01:42PM,"Despite its best efforts, Walmarts e-commerce is still a fraction of Amazons",-0.5374,0.0,0.668,0.332,-1
299,WMT,2021-03-29,08:33AM,Bed Bath & Beyond hires Wayfair and Walmart vets to drive digital business,0.0,0.0,1.0,0.0,0
